Node,Type,Value,HE 1,HE 2,HE 3,HE 4,HE 5,HE 6,HE 7,HE 8,HE 9,HE 10,HE 11,HE 12,HE 13,HE 14,HE 15,HE 16,HE 17,HE 18,HE 19,HE 20,HE 21,HE 22,HE 23,HE 24
OTP.MPC,Loadzone,LMP,17.09,14.17,12.05,12.20,12.37,12.38,14.35,17.58,18.98,19.81,18.38,19.73,22.22,22.15,22.26,20.65,19.77,22.72,23.31,23.02,20.83,16.57,17.69,17.02
OTP.MPC,Loadzone,LMP,19.94,19.47,19.66,20.92,22.07,22.06,24.70,71.15,34.76,47.51,42.43,31.49,29.34,28.74,28.02,27.26,34.06,28.84,52.83,35.47,33.53,30.48,27.65,24.60
OTP.MPC,Loadzone,LMP,17.37,16.09,17.53,15.51,17.11,20.72,25.60,87.44,28.05,57.77,24.19,22.56,21.50,20.82,20.61,21.71,22.79,66.41,26.47,26.41,31.42,24.59,23.62,22.25
OTP.MPC,Loadzone,LMP,17.38,16.53,12.02,13.15,13.54,15.88,17.60,20.93,21.59,24.85,28.66,27.41,25.95,55.97,29.44,48.34,52.98,31.75,27.51,28.49,27.12,-6.76,17.42,21.33
OTP.MPC,Loadzone,LMP,21.84,22.25,21.99,21.39,21.60,21.71,22.04,23.08,24.92,26.04,41.78,26.71,26.05,25.68,24.79,24.67,25.43,25.05,26.22,33.75,36.60,24.08,20.71,19.68
OTP.MPC,Loadzone,LMP,20.98,19.95,19.94,19.37,20.29,20.17,20.58,21.06,22.06,22.24,22.42,21.90,21.99,21.39,22.32,22.14,30.14,35.32,29.73,27.02,25.54,23.59,21.40,20.92
OTP.MPC,Loadzone,LMP,17.69,16.45,15.57,15.66,16.62,18.75,24.69,22.32,57.84,65.06,49.31,52.98,67.04,41.59,38.65,36.83,38.99,26.83,25.39,25.55,26.61,24.76,22.76,21.48
OTP.MPC,Loadzone,LMP,13.79,13.10,12.68,12.64,12.30,11.88,12.59,13.18,15.43,17.34,18.29,18.32,18.47,19.12,19.34,19.94,19.69,20.64,19.86,18.76,18.26,17.51,16.84,15.82
OTP.MPC,Loadzone,LMP,16.96,15.79,16.71,17.29,17.30,17.98,19.05,19.48,20.68,21.50,23.08,33.23,21.74,19.15,18.96,18.85,19.24,20.05,20.55,19.87,19.39,19.40,19.87,19.63
OTP.MPC,Loadzone,LMP,22.89,22.93,19.78,18.98,20.49,63.08,148.86,25.22,42.07,21.74,16.29,11.26,10.21,10.99,10.77,12.60,13.65,15.37,18.16,20.87,21.90,27.32,19.65,18.41
OTP.MPC,Loadzone,LMP,12.71,11.89,11.03,11.27,11.91,13.24,10.59,16.16,12.92,13.35,15.31,18.64,17.53,16.21,18.11,18.01,16.31,18.03,16.35,16.70,14.96,14.62,11.45,9.18
OTP.MPC,Loadzone,LMP,14.55,13.05,13.02,12.83,13.82,16.00,17.43,18.05,18.73,19.62,20.73,21.57,22.48,22.69,24.69,25.78,25.00,23.53,22.64,22.31,21.15,19.98,19.16,18.62
OTP.MPC,Loadzone,LMP,7.49,9.13,9.66,9.74,9.52,10.15,11.87,13.34,15.73,15.41,14.76,14.30,15.17,14.64,14.92,16.27,15.71,17.20,15.89,16.14,15.83,13.40,12.60,12.50
OTP.MPC,Loadzone,LMP,21.68,20.63,21.02,20.56,20.19,19.87,18.62,19.55,20.19,20.44,19.89,19.18,18.38,18.60,18.26,18.26,18.76,20.74,21.62,19.51,19.72,20.60,18.19,17.18
OTP.MPC,Loadzone,LMP,15.01,15.09,14.89,14.11,14.98,14.87,14.81,16.39,18.41,18.18,17.74,16.59,18.35,18.06,21.13,18.52,19.59,19.28,19.75,18.76,18.82,17.95,15.80,13.51
OTP.MPC,Loadzone,LMP,17.81,16.78,15.37,14.52,13.79,12.79,12.67,15.92,18.81,19.58,20.17,19.91,21.87,23.34,21.50,27.90,38.76,28.04,24.39,22.94,22.68,21.19,18.96,17.60
OTP.MPC,Loadzone,LMP,23.73,16.11,15.36,14.32,13.51,14.86,15.48,16.66,37.45,18.63,17.45,15.57,15.93,15.19,15.37,14.72,15.51,18.64,19.06,16.49,16.92,17.63,16.34,16.44
OTP.MPC,Loadzone,LMP,63.59,24.25,51.57,44.10,22.27,20.48,21.35,21.14,21.74,22.86,23.53,24.49,25.11,26.70,26.34,27.03,27.90,33.97,26.89,34.28,37.64,23.30,22.80,24.03
OTP.MPC,Loadzone,LMP,12.00,9.68,8.21,3.92,8.35,9.72,14.56,17.03,18.14,17.87,15.92,17.44,14.92,17.75,18.66,18.61,18.77,18.94,19.80,21.63,22.38,20.64,19.54,18.64
OTP.MPC,Loadzone,LMP,16.40,15.04,13.47,13.03,12.60,12.66,11.28,12.04,15.24,17.77,17.09,18.69,18.75,18.52,18.90,19.69,19.79,19.99,19.38,18.96,18.98,18.00,17.06,15.14
OTP.MPC,Loadzone,LMP,6.93,6.70,7.37,11.62,13.84,13.00,14.03,16.31,19.47,16.64,18.87,15.04,8.79,8.02,16.52,15.05,20.75,10.39,10.94,13.76,16.42,13.11,15.84,18.48
OTP.MPC,Loadzone,LMP,1.72,2.47,3.09,3.13,3.62,4.96,13.96,10.24,-43.72,-10.20,5.64,8.65,8.93,10.70,9.94,11.53,11.60,14.11,18.01,13.32,13.76,13.94,15.26,16.90
OTP.MPC,Loadzone,LMP,18.59,17.60,16.58,16.30,17.66,19.87,15.79,20.44,18.81,18.12,18.58,16.31,24.18,17.21,15.42,15.49,17.37,20.13,20.88,21.53,21.63,20.69,19.24,18.51
OTP.MPC,Loadzone,LMP,20.75,20.60,21.33,22.14,23.42,44.09,35.22,23.00,22.10,23.70,23.47,23.55,22.97,22.32,20.14,19.72,19.88,20.71,21.63,23.17,20.82,19.45,18.99,19.18
OTP.MPC,Loadzone,LMP,17.75,16.04,15.12,14.14,13.67,13.57,14.76,12.39,11.56,16.91,17.56,16.75,15.63,14.26,12.66,12.87,14.60,21.12,21.17,21.01,20.70,19.86,19.22,18.40
OTP.MPC,Loadzone,LMP,13.55,13.37,13.07,12.82,13.19,15.26,16.22,15.57,17.03,18.79,19.19,20.21,20.67,19.39,18.12,18.10,18.13,20.49,20.67,18.12,17.48,16.80,16.00,15.65
OTP.MPC,Loadzone,LMP,13.72,11.90,11.70,12.44,8.00,13.94,7.52,14.24,17.67,14.83,15.90,14.02,16.62,48.35,21.24,24.72,34.46,24.55,25.36,22.53,21.29,20.13,19.16,18.30
OTP.MPC,Loadzone,LMP,13.13,12.68,12.50,12.79,14.13,13.27,6.67,12.63,14.62,20.19,20.65,21.21,26.88,21.88,21.49,20.07,18.43,20.44,21.47,23.04,21.24,18.01,13.31,8.73
OTP.MPC,Loadzone,LMP,11.27,10.03,11.07,12.58,15.89,18.02,16.73,26.58,25.12,20.86,22.96,21.98,27.06,25.96,22.81,22.45,22.34,23.56,19.56,18.01,9.31,18.29,12.35,16.08
OTP.MPC,Loadzone,LMP,42.33,38.89,37.90,33.57,29.90,30.34,39.56,110.16,644.42,685.18,434.34,79.84,62.79,62.98,59.37,38.81,44.25,85.66,165.14,95.05,42.34,69.22,39.72,47.26
OTP.MPC,Loadzone,LMP,17.12,17.45,17.34,17.28,18.24,19.44,26.66,22.96,22.47,23.59,24.88,27.06,22.64,23.03,21.50,21.67,22.01,23.41,73.97,23.86,22.77,20.97,19.56,18.99
OTP.MPC,Loadzone,LMP,19.62,19.89,20.05,20.23,20.38,20.74,20.22,21.47,22.65,23.56,23.09,23.85,30.01,38.25,24.76,30.46,26.04,25.19,24.31,24.86,25.21,23.35,23.45,21.48
OTP.MPC,Loadzone,LMP,18.99,17.93,17.87,17.69,16.93,17.13,17.31,18.90,19.74,20.53,25.58,30.48,25.06,34.42,21.61,24.41,32.94,32.19,37.29,71.47,23.44,21.76,20.52,17.99
OTP.MPC,Loadzone,LMP,12.38,13.24,12.65,12.70,13.51,16.47,14.61,15.40,15.45,16.43,18.06,17.17,23.73,17.26,20.88,24.94,41.12,21.13,23.05,22.10,21.67,19.98,18.73,17.63
OTP.MPC,Loadzone,LMP,25.49,23.11,20.95,20.66,21.04,20.62,23.41,22.83,21.21,21.27,21.78,21.49,21.32,21.65,22.45,21.48,21.95,20.87,21.83,23.96,24.16,22.24,20.60,20.26
OTP.MPC,Loadzone,LMP,12.99,11.95,10.38,9.98,10.25,10.82,9.78,13.72,14.58,15.40,15.64,15.22,12.93,12.67,7.57,10.88,14.40,15.43,15.36,16.37,15.20,13.22,12.60,11.85
OTP.MPC,Loadzone,LMP,27.78,28.01,29.90,26.35,25.31,25.28,25.64,34.80,34.68,38.42,54.09,45.68,35.99,29.23,28.94,28.10,25.78,36.19,69.14,37.70,32.88,33.80,32.35,35.52
OTP.MPC,Loadzone,LMP,14.27,15.04,16.06,17.69,18.16,18.02,18.68,18.79,20.00,20.50,20.83,19.30,15.96,19.14,16.45,24.34,19.78,25.67,18.61,18.75,19.17,18.92,18.36,16.35
OTP.MPC,Loadzone,LMP,16.05,15.18,14.29,13.87,14.91,16.17,20.20,19.04,20.23,19.75,20.27,21.82,21.69,24.60,23.85,26.45,25.71,26.24,30.36,23.06,23.14,22.27,20.35,17.94
OTP.MPC,Loadzone,LMP,11.54,11.91,12.47,13.07,14.10,14.90,16.67,17.49,19.52,20.27,20.23,20.69,20.94,20.97,20.41,20.13,19.74,19.19,19.71,18.02,17.23,15.69,14.52,14.23
OTP.MPC,Loadzone,LMP,22.42,22.14,24.32,24.09,23.77,26.41,61.78,82.45,58.42,38.43,50.41,30.90,28.55,27.21,31.44,28.19,28.09,29.87,40.94,31.16,29.51,36.32,36.72,24.79
OTP.MPC,Loadzone,LMP,19.85,19.20,17.92,18.38,19.21,19.64,20.22,21.60,22.70,25.84,24.24,25.40,26.94,38.68,41.16,48.73,31.50,42.43,26.42,26.23,38.41,22.68,20.88,18.78
OTP.MPC,Loadzone,LMP,16.80,15.77,15.67,15.43,16.25,17.49,18.59,18.07,21.18,20.09,15.28,14.42,10.18,14.04,15.91,24.07,31.65,22.10,18.92,12.61,18.63,15.41,17.02,15.16
OTP.MPC,Loadzone,LMP,14.12,13.82,13.55,13.58,14.06,15.19,16.23,17.08,18.60,19.88,19.24,19.70,20.25,19.37,18.85,18.95,18.72,20.39,19.73,18.62,17.96,17.47,15.77,15.86
OTP.MPC,Loadzone,LMP,9.85,9.09,10.12,9.54,10.27,10.21,13.42,17.71,18.38,17.29,17.55,15.90,15.11,16.20,17.47,17.15,18.11,17.97,20.61,22.66,19.52,18.25,16.97,16.61
OTP.MPC,Loadzone,LMP,15.71,14.72,15.91,15.88,15.86,17.95,18.89,20.20,23.75,29.60,20.85,20.98,21.33,20.04,19.11,17.77,15.39,16.07,17.52,21.23,22.86,20.76,21.14,18.78
OTP.MPC,Loadzone,LMP,17.17,17.80,17.11,17.13,17.80,18.58,18.85,20.84,21.30,25.02,22.05,23.64,22.37,22.05,21.49,21.54,21.84,23.45,24.57,37.56,22.90,22.62,21.08,20.48
OTP.MPC,Loadzone,LMP,17.17,15.77,14.92,15.38,15.77,16.30,17.75,18.06,8.56,12.77,19.10,19.30,8.15,15.26,57.73,18.29,23.37,19.43,50.10,21.72,29.52,17.63,19.68,15.85
OTP.MPC,Loadzone,LMP,20.97,21.03,21.57,21.68,22.06,23.04,26.17,35.33,41.40,33.04,47.54,43.51,31.20,28.68,27.03,25.70,25.85,26.99,106.66,52.87,34.58,34.88,30.35,35.46
OTP.MPC,Loadzone,LMP,17.25,15.63,14.85,15.59,17.07,18.98,18.83,18.92,20.06,15.95,19.91,14.21,18.56,25.39,23.50,25.21,23.99,23.33,21.22,21.46,20.12,18.61,18.04,16.70
OTP.MPC,Loadzone,LMP,14.22,13.36,11.55,10.12,9.97,12.99,16.14,17.72,19.44,19.83,19.95,20.47,20.83,19.77,19.42,19.28,18.26,18.76,19.22,19.62,19.03,18.29,16.26,12.72
OTP.MPC,Loadzone,LMP,18.18,19.71,15.67,16.15,14.95,15.79,18.63,19.13,20.48,20.54,20.56,21.08,20.43,20.12,19.87,20.05,20.56,31.97,22.06,20.14,19.57,19.85,19.56,18.77
OTP.MPC,Loadzone,LMP,17.82,17.03,15.57,14.67,13.79,13.86,14.85,17.12,18.41,20.48,26.63,21.21,32.75,20.66,22.87,22.54,23.19,22.90,23.13,21.91,21.78,20.80,19.19,18.53
OTP.MPC,Loadzone,LMP,16.72,13.54,11.60,12.13,13.44,16.21,20.91,21.76,22.26,21.51,16.43,18.11,20.46,21.42,22.51,22.17,22.20,24.00,24.27,24.56,22.66,20.35,19.76,19.19
OTP.MPC,Loadzone,LMP,13.01,11.65,11.28,10.75,9.54,2.08,10.61,13.95,20.69,18.74,19.27,19.40,19.97,20.23,20.76,20.58,20.66,20.03,20.35,19.01,18.47,19.00,17.76,15.84
OTP.MPC,Loadzone,LMP,17.31,16.48,15.02,12.57,11.79,12.72,12.86,12.70,12.65,12.96,14.23,14.72,15.02,15.10,14.89,15.34,18.68,22.01,21.92,21.70,23.27,22.72,17.38,15.15
OTP.MPC,Loadzone,LMP,14.49,12.65,11.80,13.25,14.97,17.87,19.11,19.91,20.16,21.12,22.03,23.27,29.60,37.99,27.51,31.52,39.32,25.37,23.77,21.98,30.81,23.35,21.45,18.82
OTP.MPC,Loadzone,LMP,17.58,16.84,15.21,14.71,14.64,14.87,15.85,16.77,17.75,19.05,20.65,21.45,22.29,23.67,24.56,102.57,35.32,58.40,24.98,25.88,21.01,18.73,15.68,15.50
OTP.MPC,Loadzone,LMP,21.36,21.58,20.31,21.55,22.37,26.65,65.18,37.55,28.85,40.41,27.27,24.41,23.46,23.18,23.21,21.72,22.15,23.41,26.52,35.92,26.61,23.42,21.64,20.26
OTP.MPC,Loadzone,LMP,15.25,15.99,14.65,13.88,13.62,18.05,14.22,17.29,20.32,19.02,18.35,19.10,20.41,19.83,22.00,21.27,17.68,14.87,17.38,21.15,18.69,18.22,17.89,20.96
OTP.MPC,Loadzone,LMP,14.03,12.23,13.98,16.59,16.93,18.13,18.95,19.58,20.73,22.28,23.44,20.57,20.26,20.20,19.77,19.69,22.90,31.11,35.68,22.31,21.54,22.44,19.79,19.30
OTP.MPC,Loadzone,LMP,14.79,12.51,11.60,13.88,14.50,15.83,17.97,17.23,15.92,17.30,15.91,17.56,18.15,17.53,14.45,15.79,12.78,18.29,15.26,19.22,18.22,18.59,18.73,17.48
OTP.MPC,Loadzone,LMP,14.96,13.93,13.75,14.48,15.32,18.43,18.25,18.36,19.13,20.01,21.36,21.27,28.10,31.76,29.44,27.52,23.62,21.76,20.47,19.89,19.60,18.44,17.56,17.39
OTP.MPC,Loadzone,LMP,18.26,18.47,18.01,13.96,15.01,15.21,16.51,19.24,21.22,111.52,23.93,23.79,30.23,26.41,41.80,45.27,52.00,40.08,40.89,26.97,34.79,23.62,21.63,19.24
OTP.MPC,Loadzone,LMP,18.17,16.99,15.55,14.92,14.85,13.95,15.42,17.10,19.48,19.60,19.88,20.16,19.97,19.20,19.53,19.59,20.45,23.75,23.51,22.81,21.66,21.18,21.37,21.61
OTP.MPC,Loadzone,LMP,24.91,24.93,24.52,24.26,23.41,22.49,22.77,23.21,24.16,25.09,25.28,25.47,25.69,31.77,24.08,23.89,23.91,25.37,27.15,25.47,24.91,24.35,23.69,22.82
OTP.MPC,Loadzone,LMP,20.31,19.52,18.17,17.32,16.93,16.03,16.02,18.01,20.35,62.81,41.07,42.44,28.15,35.60,40.83,130.84,62.40,53.75,52.48,57.14,57.58,31.23,19.65,14.78
OTP.MPC,Loadzone,LMP,21.46,20.31,20.27,20.22,20.64,21.91,22.76,24.88,33.55,24.25,24.25,116.94,23.43,22.15,21.77,20.72,21.05,23.49,19.21,21.12,16.85,22.61,18.75,17.93
OTP.MPC,Loadzone,LMP,23.63,22.52,22.58,22.48,22.33,22.91,24.95,29.76,31.03,33.86,25.53,26.22,24.15,23.77,22.67,22.20,22.64,23.21,26.91,25.24,24.36,23.37,22.61,22.74
OTP.MPC,Loadzone,LMP,9.54,9.09,9.07,9.13,9.21,10.49,11.56,11.32,15.21,15.64,15.52,15.99,16.87,17.28,17.51,17.53,17.20,16.68,18.18,18.35,18.60,17.60,16.92,16.37
OTP.MPC,Loadzone,LMP,22.49,22.47,23.90,26.22,30.68,26.50,29.96,87.74,35.86,30.79,36.53,36.42,31.72,46.64,30.03,27.61,29.52,36.97,38.73,83.37,57.62,76.72,114.57,181.01
OTP.MPC,Loadzone,LMP,17.63,16.48,15.96,15.26,13.98,14.64,15.92,16.52,17.82,19.21,19.73,20.57,21.01,21.08,21.93,32.14,21.96,20.91,20.62,20.16,19.47,18.30,17.44,16.47
OTP.MPC,Loadzone,LMP,17.85,17.27,16.60,16.31,17.38,14.69,12.51,11.89,17.79,21.23,20.93,16.67,16.30,19.77,18.12,15.82,16.02,16.18,19.80,19.95,14.19,13.90,11.50,10.73
OTP.MPC,Loadzone,LMP,14.91,16.63,17.79,20.99,22.52,27.19,25.73,28.10,25.53,24.35,25.23,35.29,30.98,40.35,30.80,30.40,25.04,24.42,25.54,35.45,26.67,28.69,25.68,2.24
OTP.MPC,Loadzone,LMP,19.13,17.76,17.94,18.32,19.02,20.68,21.63,21.70,23.31,40.92,39.83,26.24,22.52,21.84,21.45,21.37,19.06,18.69,19.90,20.08,23.31,21.50,19.58,18.57
OTP.MPC,Loadzone,LMP,15.99,14.61,14.01,13.72,14.19,14.82,15.43,17.41,17.72,18.13,18.56,18.86,18.19,17.20,16.25,15.69,16.45,18.45,18.87,18.16,17.46,17.88,16.38,15.50
OTP.MPC,Loadzone,LMP,12.75,9.97,9.76,9.98,10.32,12.56,12.07,4.18,1.12,28.19,46.00,40.00,34.41,26.42,27.04,28.40,59.00,33.50,31.09,36.81,20.15,21.99,17.49,16.05
OTP.MPC,Loadzone,LMP,24.65,26.99,22.83,23.62,25.96,23.86,23.07,24.32,29.03,25.21,25.38,25.04,24.47,23.88,23.59,23.23,22.60,21.93,23.77,22.57,20.58,19.68,19.16,19.12
OTP.MPC,Loadzone,LMP,13.76,14.40,12.11,12.36,12.51,13.33,12.70,15.76,16.84,18.56,15.14,18.14,16.08,16.58,16.38,19.85,16.99,21.52,20.03,17.65,16.31,15.81,14.16,7.87
OTP.MPC,Loadzone,LMP,12.78,12.15,12.20,11.98,11.86,11.83,12.96,13.75,13.63,13.78,14.62,16.34,17.55,16.12,15.29,15.10,15.40,15.86,15.56,14.46,13.41,12.91,12.84,12.48
OTP.MPC,Loadzone,LMP,17.25,15.02,14.24,14.17,15.14,16.25,17.55,19.80,20.62,20.07,18.54,17.07,20.92,22.25,22.99,22.88,24.59,22.56,22.47,22.71,21.17,20.47,19.19,17.59
OTP.MPC,Loadzone,LMP,17.25,16.89,19.00,18.95,18.69,18.62,19.33,19.08,21.08,22.17,20.52,22.84,23.30,23.30,23.67,20.43,22.44,25.17,24.99,25.04,23.02,23.32,23.63,28.26
OTP.MPC,Loadzone,LMP,15.67,15.05,14.07,13.54,14.50,17.50,17.87,18.59,18.72,19.33,20.16,22.66,25.21,24.47,21.25,28.65,46.17,25.34,23.13,21.24,21.43,19.47,13.04,15.07
OTP.MPC,Loadzone,LMP,60.49,31.10,26.72,26.17,31.02,31.61,30.67,100.50,35.44,37.96,25.59,32.71,24.89,24.63,25.10,25.27,24.95,24.95,23.90,23.23,21.98,20.64,20.16,19.33
OTP.MPC,Loadzone,LMP,15.43,13.76,14.34,10.60,6.75,8.38,9.81,9.94,12.04,9.60,20.48,15.08,16.04,14.08,22.09,22.83,21.02,18.91,15.65,17.49,18.41,17.62,16.95,16.25
OTP.MPC,Loadzone,LMP,16.55,16.53,17.32,17.68,17.99,18.57,21.92,20.88,22.32,22.49,23.06,24.41,29.10,20.72,21.61,20.31,21.57,34.15,21.27,20.46,18.97,19.74,18.27,17.10
OTP.MPC,Loadzone,LMP,10.98,13.49,16.32,7.90,15.12,22.87,22.32,22.75,23.99,23.42,22.05,20.04,18.09,17.25,12.80,5.63,3.35,3.37,9.69,22.65,23.44,20.73,19.25,16.68
OTP.MPC,Loadzone,LMP,13.69,12.95,12.08,13.50,13.75,14.28,5.23,6.85,11.99,12.94,12.14,16.45,15.55,14.50,12.44,6.80,11.39,16.07,18.71,15.64,18.89,20.17,18.95,18.69
OTP.MPC,Loadzone,LMP,36.63,44.81,31.12,25.59,27.40,29.63,52.80,156.28,47.14,58.49,48.36,61.39,37.65,28.78,32.61,32.71,31.93,65.44,54.14,49.19,50.52,48.30,37.80,24.74
OTP.MPC,Loadzone,LMP,16.42,16.18,14.25,14.15,16.06,16.62,18.31,17.97,15.09,15.28,15.38,13.05,12.28,19.79,17.25,20.49,16.16,18.94,16.64,21.00,22.11,19.70,16.85,15.74
OTP.MPC,Loadzone,LMP,18.91,17.10,16.67,14.33,16.54,18.21,17.25,13.10,20.09,22.96,21.51,58.68,24.64,22.03,72.65,20.93,19.69,21.23,64.71,120.61,11.56,88.22,12.39,17.43
OTP.MPC,Loadzone,LMP,14.42,13.69,13.12,12.67,13.83,13.78,16.40,17.40,17.59,17.20,16.55,16.08,15.09,14.81,14.50,15.23,14.71,15.34,15.72,15.06,14.90,14.36,13.77,14.72
OTP.MPC,Loadzone,LMP,10.21,10.49,10.46,10.56,11.11,10.65,13.14,12.55,12.64,16.11,16.75,17.87,16.36,-9.87,-10.75,5.53,9.69,11.92,9.75,14.98,16.30,13.40,13.08,13.67
OTP.MPC,Loadzone,LMP,16.71,16.22,14.07,14.37,14.98,13.71,9.67,13.79,16.64,16.85,19.99,21.53,22.75,25.38,25.22,30.90,30.65,32.73,23.40,7.84,9.47,9.43,18.13,17.39
OTP.MPC,Loadzone,LMP,17.13,18.37,18.59,19.08,20.09,22.68,35.19,28.85,33.50,28.66,31.02,26.43,35.03,27.35,23.63,22.56,21.29,21.10,20.57,20.95,20.59,19.60,18.10,20.71
OTP.MPC,Loadzone,LMP,16.70,15.20,14.35,13.77,13.97,15.74,100.18,19.55,19.97,21.57,28.95,26.17,28.81,37.95,31.72,35.83,24.84,24.78,23.47,23.73,18.31,14.98,13.00,11.16
OTP.MPC,Loadzone,LMP,16.25,15.69,14.22,12.31,14.68,17.28,19.22,20.81,22.04,28.37,20.95,21.62,24.80,31.73,43.54,26.61,21.93,15.32,20.08,18.42,26.19,21.90,22.25,19.27
OTP.MPC,Loadzone,LMP,13.80,14.08,14.33,14.72,16.59,29.90,22.82,23.72,23.39,25.07,23.16,21.35,20.97,20.26,19.81,21.19,22.46,22.91,25.60,23.12,21.62,20.51,19.78,18.16
OTP.MPC,Loadzone,LMP,16.04,14.56,14.26,14.09,14.34,16.11,17.25,17.86,20.40,19.89,20.72,21.28,22.15,24.60,31.32,55.48,83.01,34.06,29.68,26.81,23.14,21.26,20.48,19.16
OTP.MPC,Loadzone,LMP,22.16,18.88,16.87,16.33,17.72,18.94,19.23,20.33,22.70,22.73,25.40,24.90,24.40,24.95,33.15,30.61,40.93,30.17,39.09,34.01,32.85,22.04,20.75,19.65
OTP.MPC,Loadzone,LMP,20.44,20.63,20.09,19.76,19.53,19.98,22.13,22.36,22.77,22.99,22.02,21.95,23.76,21.76,21.52,21.28,21.02,23.03,22.89,24.39,24.29,21.81,21.52,21.92
OTP.MPC,Loadzone,LMP,9.21,5.97,5.43,5.23,3.58,9.96,-0.40,0.08,-0.15,1.01,1.62,1.67,3.14,4.58,6.47,6.23,4.68,11.10,24.04,20.92,20.86,19.95,18.53,12.66
OTP.MPC,Loadzone,LMP,6.56,6.03,7.05,7.84,9.53,12.60,16.20,9.22,6.97,7.78,5.17,3.51,4.90,-1.16,3.49,-3.06,-2.29,0.13,0.13,7.84,16.20,14.32,12.67,11.09
OTP.MPC,Loadzone,LMP,10.41,7.17,8.93,7.40,8.98,6.53,5.73,6.42,10.31,12.94,12.68,10.93,12.51,11.23,9.57,11.04,12.48,10.39,13.06,13.02,13.34,9.95,10.29,7.52
OTP.MPC,Loadzone,LMP,27.06,26.35,25.89,26.17,23.31,24.21,26.01,27.16,26.89,27.52,25.90,26.95,28.74,28.89,28.39,26.64,26.39,26.98,30.17,49.78,28.82,26.72,25.58,24.28
OTP.MPC,Loadzone,LMP,17.92,17.82,18.26,18.19,5.29,-2.46,101.46,45.69,47.63,41.81,24.28,23.76,22.63,20.80,20.67,27.01,21.67,24.88,25.34,28.18,33.58,24.14,18.72,19.04
OTP.MPC,Loadzone,LMP,18.84,18.69,19.00,18.99,19.84,20.15,22.46,28.96,27.83,359.21,35.96,38.43,29.08,27.80,28.58,27.90,33.59,30.98,47.52,43.43,43.95,43.22,26.56,22.27
OTP.MPC,Loadzone,LMP,17.64,17.85,18.32,18.97,19.45,21.85,21.03,21.70,21.77,38.26,23.78,21.92,23.65,21.73,20.08,16.50,19.35,19.09,21.74,23.82,28.74,24.14,24.04,23.65
OTP.MPC,Loadzone,LMP,19.94,18.56,17.40,17.84,19.00,22.19,23.31,21.85,22.05,26.01,32.66,24.23,22.37,21.16,19.91,20.43,19.66,20.01,18.98,16.23,14.57,13.57,13.10,12.90
OTP.MPC,Loadzone,LMP,8.09,8.93,11.88,10.06,11.70,10.10,9.84,15.39,18.63,19.44,20.50,20.13,18.11,17.75,15.13,19.72,22.23,22.59,22.76,22.47,21.93,20.20,19.69,19.02
OTP.MPC,Loadzone,LMP,27.32,27.75,26.05,26.66,27.50,22.47,23.81,26.07,26.54,45.18,63.23,22.28,36.18,20.97,27.45,20.23,20.40,22.27,36.89,35.71,25.16,32.65,24.75,24.83
OTP.MPC,Loadzone,LMP,15.28,14.41,13.87,13.26,13.69,12.49,12.37,22.61,22.09,22.17,13.35,10.10,9.64,10.22,10.59,10.72,12.92,25.51,14.19,-7.60,-28.52,3.23,10.86,12.58
OTP.MPC,Loadzone,LMP,15.31,15.41,14.82,15.02,15.41,15.33,15.72,15.65,16.08,17.69,18.76,19.94,19.21,19.07,18.37,18.12,18.17,21.24,19.24,18.35,17.77,16.15,15.03,14.03
OTP.MPC,Loadzone,LMP,21.06,19.53,18.80,16.88,17.42,18.32,19.72,20.56,24.14,22.67,21.78,21.51,21.72,25.03,26.42,27.24,29.24,30.61,37.42,41.13,42.00,42.02,40.22,44.52
OTP.MPC,Loadzone,LMP,20.03,19.49,19.39,19.73,20.23,19.94,24.89,56.64,23.64,22.65,55.98,33.30,17.53,15.85,16.26,15.57,16.59,18.24,25.36,20.85,22.07,24.41,23.00,52.42
OTP.MPC,Loadzone,LMP,20.06,19.15,18.99,18.37,18.53,18.42,12.26,18.29,24.91,24.28,23.44,24.13,24.21,24.72,26.19,31.05,30.77,33.45,55.87,28.27,33.23,22.83,20.75,19.85
OTP.MPC,Loadzone,LMP,18.27,18.36,16.85,16.14,18.31,21.40,23.50,35.67,45.50,32.73,32.66,34.37,26.02,24.83,23.95,23.70,24.91,29.65,42.98,28.97,27.28,24.04,22.91,21.63
OTP.MPC,Loadzone,LMP,21.12,19.05,18.95,20.27,19.54,22.10,23.19,24.67,24.26,23.05,19.96,21.29,20.14,19.12,16.05,14.66,16.45,17.43,18.39,22.64,25.44,22.64,24.70,22.67
OTP.MPC,Loadzone,LMP,20.11,19.78,19.58,19.78,19.61,18.71,19.49,18.36,21.83,21.02,19.54,19.60,16.54,20.08,20.16,20.06,19.40,23.75,30.52,24.14,24.85,22.99,22.58,21.78
OTP.MPC,Loadzone,LMP,12.78,14.00,13.22,13.20,13.84,15.81,16.30,16.99,31.22,24.20,25.69,24.83,22.49,25.84,39.28,36.01,32.78,27.26,21.80,18.13,14.89,13.00,12.29,15.19
OTP.MPC,Loadzone,LMP,76.57,39.44,25.80,22.83,22.98,27.44,27.27,77.75,32.32,30.63,28.57,23.94,23.44,36.91,55.59,26.59,22.88,52.06,72.29,60.27,34.64,24.87,22.54,19.64
OTP.MPC,Loadzone,LMP,19.59,19.88,20.06,20.21,21.14,22.17,23.84,21.44,19.98,18.87,19.93,20.07,18.84,18.51,18.63,19.20,20.17,22.84,24.59,25.95,25.85,22.74,23.47,24.68
OTP.MPC,Loadzone,LMP,17.12,17.48,17.78,17.71,17.87,18.77,20.26,22.45,24.76,23.30,22.74,22.12,21.38,20.79,20.06,19.39,19.43,20.49,18.83,17.41,14.72,13.97,13.98,13.96
OTP.MPC,Loadzone,LMP,20.36,21.50,20.76,22.02,21.79,21.61,31.19,43.17,35.01,30.25,30.01,24.51,23.19,18.55,18.88,21.30,20.22,23.35,31.01,32.58,25.41,29.58,24.97,23.30
OTP.MPC,Loadzone,LMP,14.46,13.99,14.26,14.66,17.17,20.08,22.64,26.78,26.72,23.58,25.30,23.94,25.86,22.58,22.66,21.65,19.99,19.42,17.69,20.91,16.44,18.16,16.30,16.69
OTP.MPC,Loadzone,LMP,18.26,17.78,17.89,18.16,18.57,19.57,16.26,19.14,22.59,24.59,26.46,26.60,24.22,25.75,25.67,24.15,22.23,25.06,23.19,24.65,23.79,22.66,21.66,20.72
OTP.MPC,Loadzone,LMP,26.94,26.86,26.89,27.34,27.17,28.26,27.26,37.28,33.36,34.54,38.67,35.62,30.80,31.94,47.89,41.12,32.37,40.02,89.60,35.63,97.00,44.00,43.38,29.52
OTP.MPC,Loadzone,LMP,15.47,15.45,13.86,14.41,15.37,16.66,18.42,19.49,16.71,15.18,12.79,6.95,3.64,40.62,141.28,122.48,22.08,16.01,16.43,19.52,17.58,16.49,14.30,13.43
OTP.MPC,Loadzone,LMP,22.44,21.63,20.70,20.95,23.42,30.99,33.96,29.37,29.37,30.91,33.52,35.64,28.20,31.18,30.19,31.54,31.35,40.92,35.49,34.06,47.55,26.13,27.13,23.44
OTP.MPC,Loadzone,LMP,23.78,24.02,22.10,23.92,9.28,26.07,32.17,95.02,62.82,127.24,72.47,39.00,45.25,44.91,34.81,40.73,42.29,28.20,58.21,77.85,82.63,58.67,35.35,45.83
OTP.MPC,Loadzone,LMP,26.62,42.67,25.92,24.70,25.00,26.08,29.82,42.59,68.53,31.28,31.77,28.12,26.79,25.61,23.10,22.90,22.92,23.85,41.63,32.73,27.88,24.73,22.69,21.40
OTP.MPC,Loadzone,LMP,13.43,12.64,10.01,12.24,12.83,12.61,11.98,13.20,14.69,18.72,18.69,20.13,20.23,18.76,17.45,19.42,37.59,39.07,63.14,36.89,34.69,24.35,12.57,10.30
OTP.MPC,Loadzone,LMP,19.35,18.95,18.86,19.53,21.18,24.84,27.37,30.21,30.58,29.15,28.29,23.57,30.73,67.22,32.63,36.97,40.19,37.24,61.84,72.71,69.48,27.12,24.10,22.05
OTP.MPC,Loadzone,LMP,12.05,11.16,10.42,10.83,10.94,5.10,11.98,13.97,16.86,18.33,17.48,14.94,14.51,15.09,19.59,31.28,20.21,24.70,23.84,21.32,21.95,18.27,16.73,14.97
OTP.MPC,Loadzone,LMP,13.44,11.20,9.79,7.73,6.73,10.47,10.60,11.35,12.34,14.72,9.92,9.58,6.11,5.49,3.30,4.51,7.00,11.16,20.81,19.73,14.20,11.87,11.89,11.19
OTP.MPC,Loadzone,LMP,14.04,12.73,12.38,11.62,15.81,19.68,20.65,22.40,23.06,23.82,25.15,23.65,24.97,34.35,25.30,27.76,26.72,29.26,28.95,24.09,23.39,18.18,16.53,14.14
OTP.MPC,Loadzone,LMP,26.78,22.94,23.69,24.42,24.59,23.85,26.53,30.62,26.17,25.81,26.65,27.06,26.57,27.45,25.53,24.05,23.38,24.03,24.22,27.04,21.49,22.27,22.51,22.13
OTP.MPC,Loadzone,LMP,9.96,10.35,10.54,9.39,9.61,14.57,16.92,17.50,19.38,20.02,19.92,19.77,19.50,30.02,29.48,24.09,30.27,23.37,31.68,24.60,32.67,26.59,18.49,17.13
OTP.MPC,Loadzone,LMP,20.08,20.28,20.40,19.77,20.96,21.72,24.66,25.46,45.86,26.11,24.10,28.72,32.08,36.81,40.55,30.49,44.21,32.25,28.92,26.61,26.44,27.05,19.51,20.34
OTP.MPC,Loadzone,LMP,17.59,16.81,16.13,14.64,14.23,14.70,17.21,19.17,32.90,12.97,29.50,6.32,22.82,19.19,44.74,24.16,25.33,38.43,117.08,35.32,21.58,21.31,20.09,18.75
OTP.MPC,Loadzone,LMP,11.52,11.07,11.09,11.39,12.61,15.65,18.76,18.30,18.70,21.39,21.39,20.17,21.05,21.78,23.06,21.35,20.05,22.18,20.65,40.25,30.39,39.02,24.73,23.65
OTP.MPC,Loadzone,LMP,14.77,12.19,12.91,14.31,14.31,15.38,70.37,22.70,35.32,25.34,25.53,26.08,34.78,28.14,25.67,24.47,28.08,31.30,26.36,19.98,21.12,19.90,17.15,15.00
OTP.MPC,Loadzone,LMP,11.76,11.96,11.87,11.89,11.91,12.11,15.23,16.35,18.07,17.87,16.99,14.59,15.51,14.27,14.04,14.92,18.21,20.35,215.75,30.04,23.87,22.52,21.92,20.31
OTP.MPC,Loadzone,LMP,13.28,12.84,11.32,11.23,12.18,14.72,17.10,17.87,18.82,18.92,18.64,19.39,18.81,19.89,20.53,20.40,24.30,26.84,25.05,24.18,21.54,20.22,19.10,18.51
OTP.MPC,Loadzone,LMP,20.72,17.70,18.01,17.58,20.20,39.38,29.69,21.13,22.05,24.03,23.88,23.81,24.00,24.10,23.98,24.56,36.57,35.44,34.20,31.59,41.62,28.94,21.10,21.52
OTP.MPC,Loadzone,LMP,14.70,13.22,12.20,12.13,17.25,18.25,19.14,20.47,21.48,23.00,22.65,24.19,24.65,25.65,27.03,28.86,38.86,41.45,25.37,23.96,23.75,20.60,20.31,18.81
OTP.MPC,Loadzone,LMP,20.90,39.82,19.54,23.37,19.79,25.00,153.99,32.12,24.43,26.29,26.18,25.40,23.31,22.56,21.97,20.08,19.82,20.33,21.17,16.88,13.97,9.26,9.60,8.42
OTP.MPC,Loadzone,LMP,26.45,26.33,25.68,25.09,25.09,29.97,24.75,21.26,21.29,22.28,21.77,22.30,21.95,21.57,21.57,24.13,25.59,24.72,32.17,31.78,26.17,23.90,22.26,23.16
OTP.MPC,Loadzone,LMP,13.53,13.29,14.20,12.46,12.00,12.00,12.00,12.00,12.87,13.13,13.12,13.71,14.46,14.05,13.89,14.02,14.70,15.98,17.21,18.44,17.42,16.29,15.68,15.78
OTP.MPC,Loadzone,LMP,-2.07,0.02,0.93,2.23,-4.18,-37.43,-37.65,-6.14,11.00,17.13,17.27,18.06,16.33,16.76,14.17,15.28,14.88,17.75,17.96,17.55,13.57,16.35,15.75,17.15
OTP.MPC,Loadzone,LMP,20.77,20.59,20.13,19.62,19.50,18.86,20.12,21.87,23.63,23.65,24.01,21.84,21.41,21.66,19.87,20.35,21.93,23.32,21.09,18.99,19.03,18.76,17.70,16.96
OTP.MPC,Loadzone,LMP,20.49,22.79,22.54,22.72,22.42,22.56,21.35,22.44,24.85,23.26,23.37,24.01,23.37,24.15,22.64,22.35,22.79,23.14,23.90,29.57,27.43,24.76,22.10,20.81
OTP.MPC,Loadzone,LMP,19.39,16.62,16.88,16.83,19.88,21.58,20.45,19.48,21.15,19.43,18.42,17.72,16.32,16.92,17.95,17.75,18.34,19.08,24.07,23.18,22.23,22.82,21.14,21.22
OTP.MPC,Loadzone,LMP,23.38,22.85,22.26,21.36,21.04,22.02,20.06,20.49,20.61,18.76,21.38,22.66,24.43,21.20,46.07,26.39,21.96,25.76,20.02,26.32,43.71,19.58,19.43,20.19
OTP.MPC,Loadzone,LMP,10.86,11.61,12.41,12.25,11.80,10.46,10.05,13.10,15.56,18.66,18.93,18.73,17.25,17.42,18.19,18.52,21.41,26.55,24.76,20.81,20.32,18.74,15.22,12.15
OTP.MPC,Loadzone,LMP,25.05,30.72,28.00,28.80,32.05,28.70,45.45,302.97,39.49,26.37,26.75,31.47,25.23,22.34,24.15,24.82,38.92,30.51,27.99,29.97,25.24,25.75,24.22,22.57
OTP.MPC,Loadzone,LMP,23.91,22.50,21.09,21.71,22.26,23.58,22.68,25.73,27.78,28.19,31.46,30.71,26.68,26.14,23.11,23.69,23.48,26.22,25.47,41.78,27.18,25.86,23.21,22.86
OTP.MPC,Loadzone,LMP,27.56,23.98,21.50,61.49,33.56,35.74,27.71,24.63,31.10,26.06,25.91,26.27,32.62,26.87,25.55,25.97,25.48,25.47,28.19,25.77,24.45,26.66,26.10,27.47
OTP.MPC,Loadzone,LMP,20.59,19.81,19.58,19.39,19.39,21.61,25.31,33.45,25.57,29.62,27.52,24.50,22.19,20.69,20.32,19.98,20.33,22.77,25.14,22.11,26.81,23.03,19.18,18.77
OTP.MPC,Loadzone,LMP,18.44,17.21,16.09,15.82,16.12,17.27,14.83,18.29,20.01,21.34,22.83,22.25,22.21,24.18,39.01,21.61,21.35,19.83,16.55,21.65,21.81,21.04,20.59,18.10
OTP.MPC,Loadzone,LMP,18.87,17.91,17.20,16.48,17.65,18.57,18.83,19.40,20.26,21.80,20.68,22.68,21.74,31.40,28.26,26.42,22.82,24.48,23.83,22.22,22.65,20.50,19.57,19.14
OTP.MPC,Loadzone,LMP,16.28,16.47,11.04,10.43,10.78,15.00,17.57,19.59,19.39,20.30,21.77,23.33,20.34,12.16,61.29,66.63,6.12,12.05,25.96,11.44,12.40,10.22,13.36,13.94
OTP.MPC,Loadzone,LMP,15.52,18.43,19.22,18.59,18.26,58.16,83.41,25.90,37.07,40.99,35.53,80.67,28.63,26.08,26.07,25.62,23.21,43.59,68.01,31.57,27.15,22.86,20.91,19.34
OTP.MPC,Loadzone,LMP,15.25,15.24,15.19,17.83,19.57,24.21,38.47,35.75,26.14,26.92,31.50,27.43,27.04,25.69,24.26,23.25,24.22,23.24,23.13,26.74,21.59,20.28,19.51,19.35
OTP.MPC,Loadzone,LMP,18.12,18.02,16.95,20.19,21.63,21.81,22.83,23.25,28.06,30.62,26.01,24.66,22.79,23.55,22.74,25.31,37.41,29.86,23.45,21.39,19.54,19.16,19.73,20.30
OTP.MPC,Loadzone,LMP,20.59,19.68,19.06,18.88,18.22,17.81,18.92,11.82,20.08,20.15,21.72,18.85,16.97,16.23,14.87,17.57,18.58,20.56,27.10,24.36,21.19,19.24,15.62,17.33
OTP.MPC,Loadzone,LMP,17.10,15.60,16.18,15.53,17.13,16.01,18.05,18.97,18.24,19.35,19.29,18.94,19.96,14.99,11.21,6.36,10.89,13.44,12.79,12.91,9.63,10.83,11.37,11.32
OTP.MPC,Loadzone,LMP,11.26,10.54,9.34,8.94,11.52,15.91,17.82,19.65,19.85,19.86,20.68,20.91,23.88,24.20,25.94,23.58,24.60,20.58,20.44,22.35,24.91,20.81,20.03,18.01
OTP.MPC,Loadzone,LMP,9.20,18.08,19.18,20.12,32.69,39.34,32.82,25.27,20.69,21.38,20.29,19.80,19.46,18.93,18.28,17.79,18.85,23.56,64.34,24.61,22.01,22.68,18.69,17.68
OTP.MPC,Loadzone,LMP,22.95,22.35,22.66,22.02,21.72,23.30,24.42,24.48,24.59,25.42,25.10,25.39,25.34,24.96,23.25,22.27,22.71,23.51,26.98,24.48,24.06,23.67,22.82,21.60
OTP.MPC,Loadzone,LMP,21.44,21.81,21.94,36.64,23.26,27.09,65.48,49.61,40.88,38.93,43.24,39.02,37.68,28.97,25.69,29.08,25.82,27.64,26.65,45.95,33.43,34.22,25.40,25.36
OTP.MPC,Loadzone,LMP,27.73,29.45,25.83,25.99,30.39,25.07,53.26,37.57,29.13,29.93,32.18,28.82,25.76,24.47,24.21,23.08,23.42,25.04,25.90,64.09,25.66,24.87,24.13,23.61
OTP.MPC,Loadzone,LMP,18.25,21.09,20.93,20.24,19.87,28.80,53.37,24.42,26.01,25.79,24.56,24.27,19.84,17.61,18.64,18.62,20.84,20.23,21.19,21.38,20.77,18.53,23.16,17.82
OTP.MPC,Loadzone,LMP,16.45,14.60,14.42,14.60,14.62,15.81,18.31,19.14,20.73,20.74,20.79,18.33,18.07,18.64,20.13,22.56,29.67,25.02,24.41,22.95,25.11,19.97,19.31,18.47
OTP.MPC,Loadzone,LMP,9.37,7.93,8.54,8.26,8.47,10.28,16.07,25.28,37.23,44.22,33.52,36.99,23.94,14.88,14.64,14.44,15.19,17.11,20.91,26.12,22.30,22.54,26.41,16.53
OTP.MPC,Loadzone,LMP,16.40,16.66,16.59,16.96,16.28,15.86,13.85,17.16,17.12,2.09,5.12,3.24,11.51,13.98,8.58,5.14,2.28,10.03,7.63,13.76,14.18,7.08,7.49,8.45
OTP.MPC,Loadzone,LMP,13.45,16.26,16.69,19.07,20.80,20.88,25.77,22.21,21.45,22.35,24.20,25.11,24.66,22.16,16.82,16.64,16.87,16.36,16.96,17.43,17.52,16.56,15.13,10.09
OTP.MPC,Loadzone,LMP,11.51,16.93,17.21,17.07,17.84,18.29,19.70,20.31,20.11,21.05,21.76,22.16,23.34,25.43,26.75,27.92,27.81,26.55,24.54,23.77,20.67,16.02,15.41,15.25
OTP.MPC,Loadzone,LMP,3.06,2.53,1.94,3.49,3.54,5.13,5.29,6.93,7.10,10.29,10.13,9.70,11.05,8.30,3.89,5.06,7.07,9.17,13.41,13.59,13.91,14.54,15.03,14.04
OTP.MPC,Loadzone,LMP,16.03,16.13,16.21,18.18,18.38,19.14,19.20,20.14,21.08,21.44,28.09,20.49,21.13,22.10,22.68,25.11,27.87,33.55,30.87,27.94,26.15,24.01,20.56,18.13
OTP.MPC,Loadzone,LMP,16.74,15.31,16.36,15.46,15.66,13.87,15.55,16.75,17.52,17.76,23.73,21.64,20.57,18.53,20.07,19.46,21.21,24.69,21.60,21.12,18.83,19.54,19.49,18.84
OTP.MPC,Loadzone,LMP,20.23,19.64,19.48,22.06,21.01,24.75,27.70,38.61,31.32,39.09,27.63,48.70,24.92,25.31,49.56,25.88,23.91,31.20,24.95,22.10,22.02,22.83,20.72,21.58
OTP.MPC,Loadzone,LMP,13.64,9.17,10.22,8.34,10.53,16.62,18.44,18.61,18.95,19.39,19.86,20.11,20.08,18.75,18.98,16.32,17.43,17.20,17.25,18.35,17.68,16.99,16.61,15.91
OTP.MPC,Loadzone,LMP,26.63,24.90,24.23,23.36,23.09,23.75,23.46,25.25,24.25,29.03,27.43,28.45,28.98,28.96,26.68,27.26,26.88,34.61,35.36,30.25,27.48,37.94,26.89,26.25
OTP.MPC,Loadzone,LMP,17.66,16.23,16.51,15.21,16.37,16.81,18.73,19.04,19.33,21.53,22.48,23.30,23.73,26.25,25.43,25.47,25.35,23.92,26.44,28.36,30.77,27.59,22.21,19.89
OTP.MPC,Loadzone,LMP,20.38,20.32,20.41,20.61,20.55,21.40,22.28,84.10,23.45,23.82,22.61,20.84,20.60,19.68,19.53,18.22,18.01,21.01,23.00,17.79,24.98,21.72,17.17,13.04
OTP.MPC,Loadzone,LMP,69.43,40.16,32.54,42.51,27.71,24.89,33.45,31.24,45.00,32.75,53.82,89.98,73.09,42.86,40.50,31.05,26.24,26.91,27.58,26.93,25.22,23.11,25.06,23.30
OTP.MPC,Loadzone,LMP,18.28,18.01,19.07,20.06,21.54,23.86,24.51,19.90,23.65,22.87,23.44,23.69,20.03,9.56,7.47,11.33,13.44,16.25,14.42,12.62,13.05,14.36,13.88,11.26
OTP.MPC,Loadzone,LMP,15.25,10.47,11.46,10.24,9.75,10.18,13.64,22.41,43.08,15.87,16.02,17.19,26.27,24.49,25.22,17.54,16.44,19.11,20.29,19.94,19.85,19.14,18.04,17.84
OTP.MPC,Loadzone,LMP,13.29,14.14,16.83,16.06,17.05,19.27,21.00,22.24,22.74,24.59,24.06,24.52,33.38,23.89,23.23,23.99,22.38,21.60,21.20,21.89,23.45,19.05,16.07,14.10
OTP.MPC,Loadzone,LMP,11.06,11.12,11.89,13.74,16.67,18.81,20.49,21.80,44.81,74.10,28.07,25.06,22.76,22.07,21.13,21.19,20.93,49.86,23.92,17.79,12.41,10.53,6.84,2.08
OTP.MPC,Loadzone,LMP,22.02,22.37,22.55,22.71,18.63,23.46,25.66,26.42,31.41,34.99,35.56,41.10,28.23,26.20,21.65,23.58,21.22,24.14,22.85,22.11,20.98,21.73,20.49,19.13
OTP.MPC,Loadzone,LMP,17.83,21.71,23.37,24.94,25.64,39.26,36.39,61.97,34.63,33.45,31.64,30.72,27.46,26.20,25.64,25.46,26.03,62.26,99.99,70.14,32.48,30.52,27.50,25.24
OTP.MPC,Loadzone,LMP,13.93,11.68,9.79,8.94,7.65,4.97,6.92,10.42,12.49,11.75,11.41,13.47,14.84,15.07,18.83,33.35,63.29,20.00,25.17,23.00,20.93,18.35,17.17,16.59
OTP.MPC,Loadzone,LMP,23.12,21.70,9.97,11.01,41.35,81.70,82.92,112.33,153.31,250.64,166.69,89.87,51.08,55.77,50.74,53.31,42.78,40.62,30.22,29.84,45.56,27.06,23.24,20.94
OTP.MPC,Loadzone,LMP,17.45,16.92,17.13,17.13,17.39,17.67,19.65,21.84,21.99,22.58,22.23,23.20,21.34,20.23,19.68,19.83,20.17,30.75,21.95,18.29,20.21,17.11,15.20,13.55
OTP.MPC,Loadzone,LMP,18.73,18.63,18.27,17.58,17.00,16.68,17.80,18.66,18.68,18.62,18.92,18.92,19.01,19.12,19.06,19.10,19.14,20.89,32.75,32.46,27.09,23.89,23.64,23.10
OTP.MPC,Loadzone,LMP,21.76,21.27,21.14,21.52,21.58,20.80,20.92,21.29,21.33,22.20,22.61,22.57,22.49,22.68,22.38,21.80,21.49,21.69,22.38,23.34,22.12,21.75,21.42,21.44
OTP.MPC,Loadzone,LMP,15.41,19.22,21.34,22.96,26.91,12.67,25.29,25.31,27.25,28.66,29.26,25.73,22.90,21.55,26.10,26.49,26.56,26.23,28.29,29.14,26.21,24.96,22.55,25.27
OTP.MPC,Loadzone,LMP,15.55,13.15,12.77,11.56,11.82,13.55,13.55,13.79,15.48,15.54,14.41,13.02,13.02,13.46,13.83,15.90,17.59,20.11,23.46,23.26,22.25,22.17,20.52,20.67
OTP.MPC,Loadzone,LMP,30.27,30.51,29.47,27.13,26.02,29.00,25.85,25.24,27.71,26.98,26.66,28.10,29.25,29.74,31.22,28.99,27.07,26.78,29.49,31.12,30.71,28.84,26.07,33.97
OTP.MPC,Loadzone,LMP,22.18,20.85,22.70,27.81,24.34,100.28,42.37,25.52,26.61,28.60,26.71,27.36,25.65,23.01,23.50,20.38,24.88,40.33,27.38,25.34,22.50,17.96,13.91,15.89
OTP.MPC,Loadzone,LMP,15.10,14.22,13.19,13.63,13.63,14.90,15.65,17.88,19.19,17.67,20.62,18.97,19.09,19.75,18.41,18.25,18.70,21.70,20.62,19.58,20.03,19.25,19.20,18.23
OTP.MPC,Loadzone,LMP,11.84,12.21,11.87,7.89,6.78,10.72,11.21,14.92,15.55,15.15,11.51,12.38,12.64,9.96,5.80,5.08,2.00,1.12,31.60,14.35,23.29,20.47,17.19,15.86
OTP.MPC,Loadzone,LMP,26.27,25.10,24.06,24.21,17.32,18.03,7.61,19.29,17.40,15.18,7.23,6.47,6.72,9.77,21.01,18.33,19.64,21.76,30.80,32.40,26.53,23.53,26.91,24.89
OTP.MPC,Loadzone,LMP,16.67,14.60,13.83,13.78,15.28,17.79,17.68,18.82,18.89,21.78,19.00,15.47,15.24,19.64,23.20,22.77,23.47,21.88,22.19,22.03,21.25,19.05,17.06,15.79
OTP.MPC,Loadzone,LMP,18.97,23.36,14.93,17.54,20.68,20.02,20.18,21.06,24.50,22.61,23.38,22.05,20.87,19.46,19.16,19.54,20.55,21.32,25.50,23.83,22.22,20.81,19.18,18.77
OTP.MPC,Loadzone,LMP,24.40,25.47,24.08,23.85,23.97,24.51,29.84,28.75,28.77,2.22,8.31,1.45,32.95,29.37,27.25,25.64,25.08,24.43,24.56,54.26,25.31,23.67,20.19,20.69
OTP.MPC,Loadzone,LMP,8.15,5.16,5.93,10.41,15.02,16.40,19.23,18.50,17.64,19.37,17.37,12.63,10.23,5.34,8.81,8.16,6.83,11.79,12.29,12.78,12.49,12.58,11.46,9.09
OTP.MPC,Loadzone,LMP,16.40,15.33,4.74,8.62,12.81,13.79,10.47,10.93,9.41,7.03,3.84,2.70,2.42,3.22,3.08,2.99,-2.27,2.72,3.18,3.03,-0.04,5.28,5.99,8.25
OTP.MPC,Loadzone,LMP,27.77,22.31,22.80,26.46,30.90,32.14,40.18,58.27,124.14,65.02,115.21,41.62,29.50,30.31,31.98,31.79,52.75,32.58,63.11,53.12,36.62,38.15,31.97,44.42
OTP.MPC,Loadzone,LMP,20.17,19.01,19.17,19.40,16.41,22.49,28.59,23.90,24.41,15.21,21.38,21.14,19.55,19.41,19.53,20.00,21.47,21.51,19.91,22.69,25.93,23.46,19.85,19.95
OTP.MPC,Loadzone,LMP,16.41,15.03,12.09,12.00,12.00,14.62,14.71,22.96,21.67,21.28,16.93,18.46,16.97,13.46,12.77,16.01,19.64,21.31,23.92,22.94,22.43,25.16,25.12,27.82
OTP.MPC,Loadzone,LMP,18.40,18.36,17.89,18.16,18.44,15.58,20.64,20.57,20.29,19.32,-5.77,19.15,21.04,22.64,22.41,26.30,35.47,27.36,35.60,30.57,27.01,38.84,22.59,23.03
OTP.MPC,Loadzone,LMP,11.30,10.62,11.38,11.98,11.96,12.04,13.88,17.51,20.35,18.93,17.54,17.57,18.01,17.63,17.41,18.35,18.26,18.52,20.13,19.70,18.37,17.22,15.65,14.14
OTP.MPC,Loadzone,LMP,17.20,16.10,15.18,14.44,14.03,15.11,16.41,19.32,19.74,17.00,17.28,17.97,19.42,17.28,14.35,12.93,12.53,13.20,12.95,12.06,11.53,13.80,12.02,12.71
OTP.MPC,Loadzone,LMP,22.94,19.98,20.53,20.75,21.12,19.07,24.07,24.75,28.22,28.35,28.78,25.60,23.22,23.84,22.57,40.90,31.94,34.16,50.62,33.08,31.91,27.33,33.11,20.92
OTP.MPC,Loadzone,LMP,22.68,23.33,23.58,25.33,24.69,28.45,32.44,51.77,31.55,29.62,33.13,24.08,23.36,24.17,22.81,21.22,21.19,20.69,21.50,31.96,23.78,23.82,22.85,23.32
OTP.MPC,Loadzone,LMP,20.61,21.55,19.69,20.06,19.94,22.08,23.75,26.70,29.58,27.95,24.08,22.98,22.74,21.99,21.41,22.04,21.42,20.00,20.39,18.20,18.63,9.20,14.25,10.63
OTP.MPC,Loadzone,LMP,14.79,14.60,14.65,15.70,17.08,108.02,21.12,21.64,22.29,21.63,30.20,30.20,21.63,20.47,14.96,10.67,12.52,14.10,13.18,10.73,11.54,14.31,11.18,9.04
OTP.MPC,Loadzone,LMP,22.96,22.91,33.11,24.53,24.95,27.47,30.49,35.19,32.06,32.73,40.36,24.50,24.86,23.46,22.05,22.19,21.23,21.63,21.72,23.32,21.02,18.95,18.53,18.32
OTP.MPC,Loadzone,LMP,8.62,11.05,10.95,9.50,13.21,13.55,13.05,17.81,16.47,14.38,16.24,10.54,9.90,8.49,4.49,0.92,4.13,5.51,2.70,2.73,5.14,6.53,5.23,7.20
OTP.MPC,Loadzone,LMP,15.43,14.37,14.13,14.28,15.36,31.18,18.65,18.56,18.42,18.83,19.53,18.70,17.44,16.03,14.27,14.86,13.49,11.75,15.01,-27.33,9.29,6.91,5.30,0.18
OTP.MPC,Loadzone,LMP,15.58,14.04,11.85,12.94,13.69,14.42,14.89,18.38,19.50,20.30,21.19,29.04,52.15,23.42,26.11,48.51,62.20,24.56,25.04,21.64,19.62,21.02,10.07,16.19
OTP.MPC,Loadzone,LMP,16.55,15.99,16.63,15.61,14.59,17.00,18.19,18.82,18.57,18.78,19.25,19.64,20.16,20.12,19.89,20.03,21.24,30.70,25.54,24.36,29.75,21.63,20.70,20.10
OTP.MPC,Loadzone,LMP,16.39,17.80,17.90,17.79,18.68,19.56,22.72,23.24,28.55,26.87,23.70,23.13,23.19,23.70,23.77,23.34,23.35,26.41,38.97,34.35,31.26,28.18,24.24,23.94
OTP.MPC,Loadzone,LMP,16.86,15.42,15.18,15.49,16.54,17.21,16.50,17.78,18.10,19.58,20.83,25.59,22.98,35.86,23.82,62.64,18.97,21.87,28.16,23.15,17.89,21.45,17.53,17.97
OTP.MPC,Loadzone,LMP,13.52,12.46,12.52,13.17,14.57,16.66,21.14,20.92,20.19,21.95,22.05,30.73,66.18,49.05,25.31,45.30,43.41,27.05,29.37,24.96,21.43,19.54,19.47,16.53
OTP.MPC,Loadzone,LMP,21.38,21.13,21.09,20.55,24.30,27.13,34.65,26.54,27.71,27.40,27.63,25.30,25.48,24.99,24.68,25.71,26.68,23.16,23.65,24.70,22.95,20.29,19.75,18.42
OTP.MPC,Loadzone,LMP,60.44,32.31,29.49,28.88,29.08,26.90,33.81,65.42,48.53,33.39,53.61,81.52,31.47,28.47,26.00,25.81,25.71,29.81,35.53,73.56,82.58,50.01,34.77,36.27
OTP.MPC,Loadzone,LMP,20.57,21.13,21.40,21.71,23.01,24.41,30.19,57.34,38.28,30.38,31.28,31.70,33.37,27.75,22.92,21.86,21.32,21.70,23.10,36.30,30.57,27.08,20.68,21.26
OTP.MPC,Loadzone,LMP,20.15,20.26,19.67,19.58,18.17,18.38,20.75,23.53,18.40,18.47,20.34,20.46,17.79,19.25,19.88,19.57,24.03,22.10,22.05,21.59,20.37,19.95,19.15,18.12
OTP.MPC,Loadzone,LMP,19.00,17.12,17.07,16.39,18.34,18.85,10.39,12.02,23.65,22.55,21.47,22.11,20.91,20.27,19.90,20.44,20.53,20.63,20.57,20.43,19.27,15.70,6.95,10.02
OTP.MPC,Loadzone,LMP,10.04,10.33,10.29,10.09,10.26,11.32,13.50,15.80,18.05,16.47,15.34,15.65,14.31,11.95,11.89,11.79,11.51,11.53,11.39,19.30,16.21,16.14,12.18,11.64
OTP.MPC,Loadzone,LMP,17.61,16.92,16.79,14.88,16.29,17.96,17.25,19.14,20.54,20.34,20.24,20.16,20.06,19.99,19.73,21.01,21.96,23.98,21.25,20.72,21.12,19.20,18.57,15.73
OTP.MPC,Loadzone,LMP,19.58,19.41,19.38,19.57,19.87,20.05,21.89,23.70,24.03,24.13,23.83,24.71,24.12,24.14,24.40,24.22,24.40,25.48,32.42,37.76,42.90,33.98,32.32,34.78
OTP.MPC,Loadzone,LMP,19.36,18.38,19.21,19.31,19.62,19.35,19.89,20.71,20.89,21.97,23.85,23.49,22.94,20.94,18.56,20.77,23.42,23.13,24.14,24.69,24.83,22.10,22.09,20.24
OTP.MPC,Loadzone,LMP,13.36,12.28,12.51,12.14,10.56,10.33,10.39,12.25,13.29,13.69,14.25,14.54,14.64,14.25,14.33,15.73,16.93,19.60,20.38,20.40,19.99,19.87,19.24,18.18
OTP.MPC,Loadzone,LMP,20.48,19.07,15.75,15.52,16.89,25.75,29.09,24.68,21.97,24.96,23.62,19.39,19.25,15.93,19.15,20.29,22.57,24.15,49.42,25.72,27.55,35.29,56.66,24.49
OTP.MPC,Loadzone,LMP,14.67,13.41,10.47,8.96,9.66,10.59,10.56,13.22,12.74,13.88,11.50,13.37,9.98,9.61,9.39,7.41,7.77,8.75,10.49,20.05,19.99,18.34,19.25,17.49
OTP.MPC,Loadzone,LMP,11.86,11.48,10.22,9.51,9.76,10.70,11.85,14.97,17.40,16.20,15.32,16.78,17.80,16.89,16.03,15.34,17.16,18.40,20.79,20.31,23.34,19.08,16.69,15.19
OTP.MPC,Loadzone,LMP,20.04,19.26,18.39,17.33,17.06,17.71,18.44,20.39,21.57,23.79,22.94,23.03,23.95,24.25,24.03,23.55,23.39,23.99,26.95,24.79,23.55,22.73,22.03,21.01
OTP.MPC,Loadzone,LMP,21.45,21.56,22.09,20.66,21.75,24.89,53.31,31.14,42.62,36.86,29.99,27.83,28.03,27.26,24.97,21.32,20.57,20.69,21.16,21.66,20.79,18.48,16.51,14.92
OTP.MPC,Loadzone,LMP,22.39,25.13,24.56,26.00,26.00,31.54,44.73,58.53,51.61,63.82,46.55,30.15,31.42,32.18,31.32,25.20,23.87,24.61,25.10,24.31,25.07,22.41,20.41,21.19
OTP.MPC,Loadzone,LMP,20.89,19.78,19.22,19.07,23.70,25.01,22.48,31.85,41.99,27.55,27.53,28.09,26.48,26.53,26.50,26.25,26.56,26.63,39.36,35.51,35.40,27.74,27.69,22.85
OTP.MPC,Loadzone,LMP,15.78,17.70,18.34,18.81,19.98,19.96,21.37,21.07,21.52,23.06,23.25,22.68,22.03,22.73,22.12,22.66,21.01,21.99,22.08,22.54,21.71,19.55,17.41,17.37
OTP.MPC,Loadzone,LMP,19.76,19.04,17.98,16.87,15.97,17.06,17.54,18.20,19.05,19.76,20.10,19.60,17.87,15.18,14.84,16.40,20.02,22.12,17.86,14.21,15.24,14.39,12.69,8.84
OTP.MPC,Loadzone,LMP,18.47,17.22,18.14,18.47,19.67,20.84,22.17,23.23,22.41,22.69,22.03,21.91,21.84,22.22,21.16,20.63,21.51,23.34,25.59,25.68,25.98,24.40,25.84,23.90
OTP.MPC,Loadzone,LMP,23.72,23.77,23.44,23.81,27.14,31.86,31.49,29.92,28.52,31.67,24.62,26.29,24.06,21.38,21.17,21.25,23.45,21.91,21.95,22.09,21.76,17.66,16.93,17.01
OTP.MPC,Loadzone,LMP,23.44,24.55,23.96,24.33,25.26,24.24,68.00,29.50,34.08,24.51,24.87,20.04,14.49,19.39,8.43,8.81,8.88,10.69,17.16,83.07,54.33,24.42,24.30,23.47
OTP.MPC,Loadzone,LMP,22.04,14.31,14.26,15.12,16.01,17.73,18.23,20.03,29.84,21.37,18.85,18.32,18.07,17.97,17.76,18.37,21.16,37.12,26.69,28.74,28.08,24.14,21.84,21.45
OTP.MPC,Loadzone,LMP,13.59,13.38,13.71,14.23,14.92,16.67,9.40,15.83,7.70,17.24,14.25,20.48,20.06,23.91,39.82,33.39,33.61,26.95,22.33,19.00,20.32,4.38,16.40,15.36
OTP.MPC,Loadzone,LMP,18.19,18.57,18.66,19.13,19.58,19.41,19.53,20.07,21.28,21.04,21.88,22.16,21.25,20.60,20.53,20.74,21.12,21.36,22.88,22.44,23.00,21.79,20.80,19.09
OTP.MPC,Loadzone,LMP,12.91,11.81,12.88,12.56,6.39,3.40,15.41,21.67,22.41,22.86,23.25,23.19,22.18,22.27,21.24,20.33,16.87,14.37,2.58,14.76,14.20,14.34,18.18,16.86
OTP.MPC,Loadzone,LMP,25.77,43.14,30.10,24.76,27.24,27.00,26.40,30.17,38.03,38.99,30.57,27.12,25.87,27.98,27.14,27.08,27.46,27.01,30.30,37.84,27.50,26.61,29.67,34.27
OTP.MPC,Loadzone,LMP,14.19,13.98,13.43,16.57,14.67,18.52,17.52,15.80,15.06,17.24,17.11,19.56,19.86,19.83,19.40,18.45,15.87,16.50,18.03,17.78,16.31,15.79,17.16,17.38
OTP.MPC,Loadzone,LMP,16.90,16.64,16.01,16.87,21.74,29.86,36.75,45.99,22.53,26.45,35.40,26.02,21.14,21.33,19.88,18.06,20.94,41.68,27.46,30.49,29.15,23.27,21.08,20.31
OTP.MPC,Loadzone,LMP,27.58,25.28,30.23,27.64,27.00,29.70,36.56,24.58,25.53,34.14,40.19,31.53,25.31,24.53,23.62,23.21,22.49,21.81,23.86,23.49,22.56,22.72,21.93,22.18
OTP.MPC,Loadzone,LMP,8.00,11.71,7.08,7.96,7.10,7.06,7.98,14.15,14.15,12.89,14.90,16.57,17.99,17.56,17.69,17.74,14.39,10.92,17.40,16.53,16.67,18.65,17.05,14.73
OTP.MPC,Loadzone,LMP,23.21,27.39,29.55,23.45,26.13,28.89,46.29,37.72,29.41,30.22,28.77,26.78,26.45,26.47,23.62,23.43,22.97,22.86,25.10,26.02,22.70,21.23,20.46,19.81
OTP.MPC,Loadzone,LMP,7.05,7.17,7.63,9.07,29.86,18.93,21.15,38.51,26.31,24.32,24.64,22.71,23.19,24.15,23.81,24.43,24.12,24.80,25.34,26.52,27.08,31.72,23.09,22.41
OTP.MPC,Loadzone,LMP,16.81,16.72,16.79,17.99,16.33,16.56,22.13,20.38,19.83,19.33,20.44,20.93,21.12,19.91,24.48,19.15,28.73,22.17,19.15,16.64,18.96,17.18,15.71,14.87
OTP.MPC,Loadzone,LMP,18.55,18.86,18.89,18.54,18.14,18.80,18.66,19.64,21.50,22.11,22.12,22.54,21.96,21.90,21.40,20.79,21.26,21.43,21.41,21.57,21.20,19.66,18.72,18.01
OTP.MPC,Loadzone,LMP,15.33,14.85,14.02,14.10,15.48,16.92,18.55,18.34,19.20,19.08,18.13,17.30,18.71,17.75,18.33,14.15,10.10,11.41,12.83,10.75,9.77,11.53,8.37,9.47
OTP.MPC,Loadzone,LMP,19.58,19.10,19.07,19.16,20.22,30.75,24.98,24.15,25.69,37.58,127.42,32.11,32.66,30.08,23.05,19.49,20.01,19.59,21.33,21.62,21.60,21.46,20.01,20.76
OTP.MPC,Loadzone,LMP,20.75,18.13,19.04,20.10,21.44,22.03,26.80,36.96,28.24,24.13,24.99,23.97,21.80,21.16,20.12,20.35,21.37,22.69,26.98,34.80,30.81,31.58,26.55,21.46
OTP.MPC,Loadzone,LMP,7.79,6.88,8.46,8.20,10.43,2.49,1.43,4.40,37.84,18.47,18.85,18.78,17.04,10.59,6.26,6.43,15.00,19.74,20.50,20.43,19.93,20.13,15.45,12.24
OTP.MPC,Loadzone,LMP,16.85,16.33,14.91,18.76,18.80,25.01,26.96,24.31,20.46,24.09,25.29,25.79,27.00,24.50,23.47,24.09,24.80,27.85,30.53,29.78,25.20,20.96,20.41,19.93
OTP.MPC,Loadzone,LMP,17.78,16.38,17.25,17.10,18.10,19.76,21.30,26.85,24.20,25.83,23.93,23.22,23.85,23.38,22.83,21.50,22.63,21.79,21.26,22.21,24.33,22.97,20.27,19.70
OTP.MPC,Loadzone,LMP,15.64,14.45,13.09,12.39,12.52,15.09,20.50,20.77,20.41,19.97,21.71,21.28,21.90,21.86,21.83,21.06,22.25,22.13,23.18,23.13,21.95,20.43,18.96,15.38
OTP.MPC,Loadzone,LMP,16.00,14.28,13.74,12.90,13.10,13.26,14.23,16.03,17.44,18.52,19.05,18.53,18.77,18.56,19.04,18.17,18.73,19.95,19.47,18.58,18.02,18.08,17.54,17.62
OTP.MPC,Loadzone,LMP,25.76,25.77,24.03,22.61,22.93,20.70,23.42,25.24,26.31,28.79,26.89,25.07,24.66,23.04,22.76,22.73,25.92,26.95,38.44,44.56,43.80,28.27,26.18,24.23
OTP.MPC,Loadzone,LMP,14.75,14.85,14.44,15.70,17.36,20.06,23.25,24.89,23.92,24.15,30.71,24.85,24.35,23.41,23.34,13.70,-82.72,23.75,31.48,19.62,18.80,18.01,16.87,15.77
OTP.MPC,Loadzone,LMP,7.97,6.05,4.85,9.43,8.66,14.55,17.53,15.46,8.29,16.23,17.63,6.35,11.97,405.24,4.82,2.71,4.99,6.73,7.04,5.58,10.43,13.32,9.46,9.83
OTP.MPC,Loadzone,LMP,18.39,17.74,16.18,15.20,16.46,17.10,17.75,18.23,18.98,20.54,21.43,24.54,24.44,23.65,23.04,27.92,32.87,26.83,34.48,28.20,28.53,25.15,24.52,23.53
OTP.MPC,Loadzone,LMP,5.59,5.76,5.19,5.36,5.52,6.09,16.69,17.31,15.56,15.06,12.68,12.22,13.42,12.63,12.74,12.07,12.04,12.27,12.37,9.52,11.12,6.40,4.57,4.71
OTP.MPC,Loadzone,LMP,14.89,9.79,8.96,7.94,15.57,16.00,14.10,14.16,17.90,18.05,9.54,5.75,8.05,9.97,10.69,11.11,14.06,17.47,18.41,19.13,19.71,20.06,19.08,17.95
OTP.MPC,Loadzone,LMP,21.31,22.20,21.04,21.48,20.20,22.21,30.24,26.61,46.99,24.34,22.93,23.40,22.88,21.85,21.36,21.32,21.51,22.00,22.59,39.99,24.52,22.06,20.93,21.04
OTP.MPC,Loadzone,LMP,18.44,17.13,16.78,16.45,14.94,14.17,15.23,15.97,17.80,16.32,17.04,16.95,17.91,17.29,14.81,17.13,16.24,18.19,20.09,18.38,18.11,17.91,17.68,17.61
OTP.MPC,Loadzone,LMP,19.24,18.81,17.78,18.58,18.53,18.99,20.25,20.10,20.62,20.64,20.87,20.78,25.76,25.82,17.48,16.48,18.03,20.45,21.16,20.48,20.42,20.28,21.56,19.96
OTP.MPC,Loadzone,LMP,16.34,15.48,14.77,13.53,13.88,14.60,15.18,11.74,-3.46,-16.26,-17.93,-13.01,-14.18,-2.38,1.36,-24.86,116.51,-16.85,-16.44,-42.98,-7.36,-5.44,44.40,42.36
OTP.MPC,Loadzone,LMP,17.87,17.08,14.60,14.06,15.74,18.51,18.07,19.53,19.04,19.78,20.06,20.76,21.23,23.64,34.45,49.31,29.06,34.71,492.38,20.69,19.23,18.68,17.99,13.33
OTP.MPC,Loadzone,LMP,12.94,11.73,11.41,11.33,12.49,15.07,15.05,13.81,14.24,16.98,18.32,18.78,17.46,17.31,19.90,19.42,19.52,20.11,20.27,19.35,16.87,16.21,15.11,14.51
OTP.MPC,Loadzone,LMP,20.00,18.79,17.78,17.85,18.50,19.10,19.73,20.72,21.60,23.06,28.99,28.27,40.23,37.75,29.31,35.56,29.81,28.85,24.47,22.47,21.36,20.51,20.02,19.44
OTP.MPC,Loadzone,LMP,15.61,15.48,17.24,17.43,17.79,17.04,17.97,18.63,18.84,13.80,17.69,17.18,15.89,13.96,12.60,13.14,13.67,21.22,15.76,13.57,13.63,14.15,14.58,14.05
OTP.MPC,Loadzone,LMP,15.71,17.14,17.88,16.32,17.07,16.66,16.70,17.62,18.79,19.52,20.50,22.01,21.68,21.22,21.03,20.56,20.83,22.25,23.80,22.90,22.94,22.52,21.51,22.87
OTP.MPC,Loadzone,LMP,14.13,13.89,12.91,13.46,13.21,14.41,16.66,18.57,18.53,19.37,17.02,12.89,13.37,15.35,18.20,18.41,17.72,15.96,15.43,16.25,16.39,17.39,17.07,17.33
OTP.MPC,Loadzone,LMP,18.17,17.59,16.90,14.91,14.14,14.23,16.91,18.79,19.63,23.90,24.72,29.86,25.85,24.19,24.37,24.52,40.43,23.14,24.73,28.89,22.21,20.49,20.92,19.87
OTP.MPC,Loadzone,LMP,10.50,10.99,10.60,10.71,11.88,10.18,12.26,14.13,15.25,16.03,17.49,18.14,18.04,17.30,17.13,16.80,17.69,20.27,21.27,21.40,21.31,20.95,20.16,19.25
OTP.MPC,Loadzone,LMP,21.12,19.94,20.16,19.81,18.91,19.74,20.53,20.55,21.94,21.96,19.68,19.44,23.20,21.81,23.44,23.07,23.64,25.89,26.36,23.88,21.81,19.93,17.61,19.37
OTP.MPC,Loadzone,LMP,15.38,15.56,15.14,15.20,15.62,17.29,18.79,19.23,21.12,27.82,20.66,20.35,22.43,23.27,24.38,25.07,27.79,28.25,23.57,23.12,22.54,20.17,19.25,18.44
OTP.MPC,Loadzone,LMP,14.13,13.28,12.21,12.02,11.64,12.17,11.51,12.05,14.75,17.47,17.19,13.93,14.02,13.18,16.18,15.36,21.18,14.00,14.77,13.85,13.69,14.13,13.28,12.69
OTP.MPC,Loadzone,LMP,5.29,5.57,5.37,6.11,9.65,12.49,15.23,15.01,15.05,20.21,16.23,14.91,15.84,18.88,19.52,15.52,20.02,20.93,19.32,21.64,19.14,16.94,14.78,14.69
OTP.MPC,Loadzone,LMP,12.36,8.18,7.53,7.51,7.81,10.10,10.55,12.08,11.77,10.01,10.84,12.48,9.10,9.72,10.68,11.22,14.19,20.26,23.35,39.40,44.94,25.16,24.98,22.76
OTP.MPC,Loadzone,LMP,14.38,11.73,11.16,9.86,11.23,10.19,2.52,8.56,16.80,16.88,21.73,19.19,18.42,19.56,20.34,21.57,35.57,21.84,21.12,20.17,19.46,18.13,17.87,16.10
OTP.MPC,Loadzone,LMP,13.61,12.70,10.74,9.08,9.00,9.57,12.90,14.76,15.33,16.14,17.46,17.25,18.46,19.35,20.37,31.91,24.96,23.08,23.37,23.69,22.70,20.01,18.98,17.77
OTP.MPC,Loadzone,LMP,9.31,9.37,9.35,9.78,9.51,10.85,9.48,53.62,19.20,16.53,14.91,14.58,16.66,10.19,3.95,4.97,7.12,8.23,9.27,15.27,15.56,14.39,14.80,14.23
OTP.MPC,Loadzone,LMP,21.09,21.22,21.37,22.31,23.50,23.51,35.36,41.61,54.27,42.13,41.94,29.89,27.30,25.07,24.44,24.14,24.02,24.40,23.97,24.61,22.57,21.23,20.38,23.06
OTP.MPC,Loadzone,LMP,37.53,27.24,27.70,27.49,28.61,34.19,34.89,48.12,59.60,41.53,41.84,37.95,38.33,38.03,34.30,32.61,34.66,38.72,39.73,39.55,38.26,35.49,29.58,27.44
OTP.MPC,Loadzone,LMP,30.63,19.89,20.12,20.23,23.18,21.99,23.15,27.73,36.38,26.02,25.22,27.01,24.72,27.21,23.26,22.98,23.46,42.45,33.01,22.35,21.37,20.49,19.54,16.68
OTP.MPC,Loadzone,LMP,18.10,17.94,17.13,16.18,16.74,9.31,-20.35,2.59,10.76,21.24,4.92,8.67,14.73,26.48,12.43,20.71,12.52,26.31,25.29,23.71,24.52,16.87,19.72,17.66
OTP.MPC,Loadzone,LMP,24.74,22.92,22.71,22.76,22.14,21.97,24.56,48.76,30.43,25.06,24.91,23.87,22.58,22.53,22.10,21.55,22.03,32.77,26.93,23.47,22.21,21.07,19.80,20.39
OTP.MPC,Loadzone,LMP,20.48,20.14,19.66,19.88,20.77,22.78,32.60,23.70,43.92,28.51,27.87,28.34,26.12,25.18,23.92,23.61,23.43,57.14,26.43,24.55,24.10,24.57,22.53,20.46
OTP.MPC,Loadzone,LMP,19.98,18.09,18.55,18.68,19.47,19.76,20.80,21.28,21.40,21.49,20.86,25.12,27.41,83.99,53.54,60.69,67.52,156.30,70.92,45.90,26.74,26.06,24.40,20.05
OTP.MPC,Loadzone,LMP,18.33,17.41,15.06,14.67,14.23,15.11,15.23,16.58,17.68,15.96,16.43,18.79,20.20,19.06,19.96,16.24,23.87,23.25,24.29,14.10,0.86,13.03,17.58,18.35
OTP.MPC,Loadzone,LMP,15.35,14.15,13.59,13.29,13.99,16.64,16.48,14.71,15.91,18.76,19.62,20.29,21.75,24.67,39.07,46.68,30.00,23.68,22.33,47.14,18.62,15.73,15.11,16.29
OTP.MPC,Loadzone,LMP,30.37,30.95,28.95,27.24,26.44,27.32,25.67,25.95,29.78,30.91,25.08,26.55,24.32,23.21,22.86,23.24,25.01,26.53,34.53,32.01,30.92,32.62,31.25,26.59
OTP.MPC,Loadzone,LMP,16.13,16.81,15.80,15.14,14.90,15.00,16.07,17.30,19.27,23.32,20.74,20.37,20.84,20.68,38.43,24.54,38.47,23.12,20.67,19.83,20.56,17.95,16.58,15.20
OTP.MPC,Loadzone,LMP,19.77,19.01,18.40,17.46,16.66,16.53,15.75,17.09,18.69,18.75,17.64,10.68,8.98,12.56,17.42,19.51,21.48,19.47,18.90,20.04,19.23,19.64,19.34,18.52
OTP.MPC,Loadzone,LMP,21.42,18.55,18.49,17.99,17.90,17.88,19.26,22.49,26.39,69.68,31.35,21.20,19.81,18.99,20.00,19.43,27.58,26.89,20.89,19.76,19.17,19.54,18.34,17.62
OTP.MPC,Loadzone,LMP,20.72,18.92,18.91,20.37,19.98,18.50,23.37,26.39,25.31,22.79,29.07,27.00,31.23,28.43,25.30,23.14,24.93,26.77,24.26,24.35,24.71,24.22,23.34,22.73
OTP.MPC,Loadzone,LMP,18.19,17.02,17.49,15.89,17.97,19.97,19.92,44.93,27.43,28.02,23.40,27.94,54.57,34.25,41.31,62.84,31.71,27.52,29.60,26.40,24.78,23.32,22.04,21.07
OTP.MPC,Loadzone,LMP,15.15,14.95,14.11,13.90,13.25,13.77,15.34,18.24,26.88,25.63,22.22,22.42,23.85,25.81,28.20,33.17,56.35,45.63,38.02,25.68,24.50,21.59,19.38,17.57
OTP.MPC,Loadzone,LMP,15.83,14.63,14.65,14.74,14.89,16.45,18.69,18.24,19.47,19.67,19.90,20.49,19.87,19.97,20.12,19.86,19.66,20.59,20.77,25.96,16.96,16.83,15.40,16.19
OTP.MPC,Loadzone,LMP,15.63,15.79,15.75,15.84,16.06,16.69,18.25,19.81,20.67,22.96,25.64,34.71,26.51,24.77,25.93,34.61,35.55,31.10,26.95,20.86,16.22,59.34,16.38,16.67
OTP.MPC,Loadzone,LMP,21.93,20.93,20.42,19.89,18.77,15.97,17.87,23.51,19.90,16.38,20.06,18.31,19.25,20.61,20.20,17.79,18.75,21.42,19.85,18.08,18.07,15.51,13.70,16.95
OTP.MPC,Loadzone,LMP,21.29,20.32,18.34,13.36,10.17,15.50,18.28,20.15,19.61,26.04,18.29,9.40,9.99,9.74,10.20,8.16,1.34,5.07,8.98,20.54,40.25,22.44,21.63,22.35
OTP.MPC,Loadzone,LMP,13.69,14.02,16.95,16.64,15.29,15.71,15.16,17.80,19.87,20.06,21.45,20.39,21.23,18.66,20.81,21.66,21.41,22.22,23.00,22.60,21.50,19.56,19.56,19.08
OTP.MPC,Loadzone,LMP,14.64,13.52,10.87,12.87,12.78,13.40,14.00,16.77,18.11,18.97,19.66,18.66,18.10,20.90,24.30,26.19,28.84,36.21,28.57,26.03,24.99,21.84,17.34,15.51
OTP.MPC,Loadzone,LMP,30.99,26.42,62.79,36.76,27.08,28.06,25.04,25.35,26.00,26.75,27.76,25.97,24.05,38.36,32.73,22.68,22.03,24.45,25.37,26.52,27.07,25.61,25.08,26.56
OTP.MPC,Loadzone,LMP,1.42,2.70,3.60,4.98,6.56,13.73,16.90,18.16,19.23,20.62,20.42,19.93,17.15,16.44,16.40,18.73,16.98,14.15,13.78,13.88,12.54,10.73,8.12,7.18
OTP.MPC,Loadzone,LMP,15.68,12.52,9.41,10.88,13.10,15.98,28.51,19.62,21.40,18.23,18.59,15.25,15.29,13.49,13.50,14.81,16.49,21.08,21.20,23.09,22.81,20.48,19.17,17.62
OTP.MPC,Loadzone,LMP,15.30,16.31,15.72,14.93,16.11,17.83,12.12,19.88,21.55,20.20,20.60,19.72,23.38,23.68,27.94,23.35,24.12,23.59,23.28,23.86,25.34,24.07,20.06,19.15
OTP.MPC,Loadzone,LMP,13.77,13.93,13.71,13.99,14.60,17.83,18.50,18.53,18.93,33.06,72.03,76.10,19.28,82.97,19.58,18.17,34.21,36.65,19.51,20.34,17.24,15.31,14.55,12.40
OTP.MPC,Loadzone,LMP,24.21,23.34,22.30,21.92,20.37,19.79,20.06,19.58,18.54,25.59,25.01,23.82,26.19,26.31,24.66,24.25,23.54,25.09,24.83,22.94,22.18,21.50,20.27,19.13
OTP.MPC,Loadzone,LMP,16.84,15.88,14.58,14.86,15.72,17.40,17.16,17.27,19.01,59.67,27.15,21.45,22.03,25.39,25.34,66.32,44.27,22.96,21.97,21.03,20.53,18.24,16.98,15.85
OTP.MPC,Loadzone,LMP,15.79,14.51,12.86,11.74,15.14,17.19,14.80,16.62,18.54,20.17,20.52,28.33,25.34,27.47,35.40,30.90,23.54,24.33,21.68,23.41,22.18,18.55,18.64,14.63
OTP.MPC,Loadzone,LMP,15.57,13.85,13.01,14.16,14.07,14.54,14.60,19.05,17.73,12.69,10.42,10.35,10.19,9.61,8.59,9.12,9.38,7.65,8.92,11.07,16.57,13.84,14.24,12.94
OTP.MPC,Loadzone,LMP,3.23,3.72,3.70,3.56,6.84,15.67,16.59,21.52,15.49,18.55,19.73,20.09,19.87,20.35,16.04,17.72,19.58,23.41,24.44,20.97,15.61,15.34,14.50,12.45
OTP.MPC,Loadzone,LMP,10.45,9.48,9.12,9.79,10.81,15.14,14.52,15.75,16.33,17.11,16.32,18.92,16.65,15.41,17.98,14.00,22.31,15.59,20.63,23.15,20.83,18.15,18.21,18.09
OTP.MPC,Loadzone,LMP,17.77,18.17,18.20,18.30,18.69,13.19,15.18,17.92,17.96,20.83,22.52,107.75,27.67,32.19,42.43,37.65,35.20,39.33,39.31,36.53,33.71,26.31,22.18,19.36
OTP.MPC,Loadzone,LMP,18.83,18.53,18.08,18.22,18.93,19.88,32.10,22.51,47.25,25.30,24.70,25.81,24.45,24.01,31.75,26.14,22.09,49.89,31.07,20.00,18.90,18.19,18.73,19.75
OTP.MPC,Loadzone,LMP,20.77,20.00,21.48,21.51,22.02,22.74,25.07,51.04,36.40,32.61,38.25,27.52,28.65,26.72,27.66,26.88,26.95,34.30,33.07,39.20,26.96,27.13,119.67,23.49
OTP.MPC,Loadzone,LMP,37.79,-14.79,-18.07,-18.55,-21.33,-18.14,-35.47,-23.92,-44.88,-27.63,-32.55,-33.18,-23.74,4.89,20.07,19.00,20.31,22.08,20.89,20.48,23.78,50.70,21.26,18.79
OTP.MPC,Loadzone,LMP,19.12,18.20,18.59,17.46,18.30,18.74,19.99,21.57,21.52,25.53,22.62,22.82,21.68,22.41,20.55,20.99,21.89,28.97,30.99,24.73,23.52,22.65,22.22,24.22
OTP.MPC,Loadzone,LMP,22.73,22.44,23.12,22.94,23.81,25.38,26.81,29.42,31.60,30.80,38.25,32.24,31.00,28.39,27.59,27.85,31.06,45.27,49.14,43.54,46.72,39.12,31.14,28.67
OTP.MPC,Loadzone,LMP,13.29,12.01,11.25,11.65,13.59,14.82,17.24,19.73,20.45,20.75,22.21,23.71,24.13,51.44,32.54,24.61,21.98,22.40,19.45,17.23,15.49,13.54,12.68,14.29
OTP.MPC,Loadzone,LMP,7.87,14.66,14.96,14.89,15.10,17.27,5.48,20.16,19.22,19.71,25.54,23.75,34.37,26.27,19.44,19.95,21.01,30.67,20.26,21.20,22.06,15.50,14.31,14.92
OTP.MPC,Loadzone,LMP,19.21,17.70,17.54,17.36,16.34,18.37,19.59,20.20,21.24,20.61,21.15,21.25,20.46,19.80,19.92,19.78,19.58,19.16,16.41,16.97,15.43,15.83,15.58,14.83
OTP.MPC,Loadzone,LMP,16.61,15.54,15.08,14.80,16.36,17.58,17.96,19.12,19.95,19.26,21.87,20.45,19.53,20.13,18.88,18.48,20.64,20.23,21.18,21.01,20.61,19.69,18.92,16.87
OTP.MPC,Loadzone,LMP,17.61,16.56,16.15,16.93,16.95,18.02,19.32,19.09,18.98,17.95,17.82,18.05,17.52,17.81,17.62,17.34,17.62,18.38,18.69,19.17,18.24,23.81,19.19,22.76
OTP.MPC,Loadzone,LMP,19.19,18.38,16.49,15.96,16.89,17.20,18.30,18.99,19.61,20.93,19.41,20.96,19.97,21.49,21.88,18.14,18.34,19.94,18.12,14.74,18.58,19.77,19.17,18.38
OTP.MPC,Loadzone,LMP,13.87,14.41,16.62,18.91,18.89,20.02,19.17,21.24,26.74,24.10,29.95,22.56,22.53,21.69,21.46,20.96,21.05,21.41,21.77,21.00,19.27,18.75,18.45,17.20
OTP.MPC,Loadzone,LMP,18.07,17.30,16.75,16.58,17.48,18.45,19.05,19.60,20.55,19.62,20.67,20.97,39.24,21.81,20.96,20.81,20.93,21.09,21.38,21.04,20.48,18.55,17.83,16.08
OTP.MPC,Loadzone,LMP,17.14,18.01,17.89,17.21,17.89,18.37,20.16,22.13,23.66,23.68,23.04,23.62,35.36,20.88,19.92,19.58,19.56,20.83,20.42,19.09,17.82,18.17,17.20,16.76
OTP.MPC,Loadzone,LMP,17.73,16.54,16.19,16.02,17.32,18.70,19.09,19.51,20.34,21.06,23.00,23.31,71.31,30.84,30.46,33.66,31.66,26.94,23.91,23.19,22.57,22.40,21.35,21.02
OTP.MPC,Loadzone,LMP,20.86,21.01,21.51,21.96,22.36,23.09,24.48,25.89,26.85,28.41,28.31,33.35,32.36,29.97,28.23,27.13,27.17,28.32,36.64,63.82,40.83,28.84,29.39,29.81
OTP.MPC,Loadzone,LMP,9.46,9.97,10.39,10.59,12.68,17.30,17.93,18.88,20.12,21.28,21.66,22.42,27.51,33.99,22.98,25.28,20.21,25.73,22.08,24.00,17.99,16.28,16.87,16.68
OTP.MPC,Loadzone,LMP,11.96,13.02,12.32,12.84,14.15,15.09,11.21,16.46,12.69,12.26,12.20,12.67,14.70,11.11,-4.18,48.43,10.81,18.90,22.48,22.75,16.49,17.54,19.02,18.19
OTP.MPC,Loadzone,LMP,14.05,14.18,14.71,14.73,14.23,17.35,18.61,18.86,19.72,21.24,21.90,31.63,19.72,24.01,18.54,18.95,20.26,20.21,18.80,17.38,17.87,15.98,19.30,15.41
OTP.MPC,Loadzone,LMP,21.46,20.43,20.29,21.49,33.12,28.29,36.61,46.94,30.13,29.58,27.99,26.12,26.28,26.24,30.17,32.23,41.67,24.24,26.39,23.95,44.93,19.61,20.17,16.21
OTP.MPC,Loadzone,LMP,18.54,20.15,19.19,15.89,12.30,13.70,14.68,13.89,14.50,17.66,23.31,23.23,21.63,21.57,20.85,20.49,20.37,21.86,21.39,20.49,19.16,18.09,16.56,14.63
OTP.MPC,Loadzone,LMP,19.14,3.16,2.36,16.00,16.69,19.85,19.78,-111.90,15.50,22.17,19.74,11.58,18.51,28.68,41.45,94.45,29.90,24.95,23.60,23.39,22.71,21.08,16.15,12.93
OTP.MPC,Loadzone,LMP,16.78,18.09,16.38,14.10,14.47,13.85,12.44,6.50,12.32,16.89,18.03,14.59,11.09,8.37,11.93,12.48,17.51,16.39,17.60,20.22,10.31,17.83,18.65,17.49
OTP.MPC,Loadzone,LMP,35.31,18.29,13.43,13.53,14.27,17.79,18.04,18.97,18.60,19.18,20.26,20.42,20.39,20.01,22.93,33.40,23.17,21.63,20.55,17.45,19.05,19.78,18.60,18.18
OTP.MPC,Loadzone,LMP,15.24,13.99,11.45,11.30,9.64,7.59,10.48,5.88,16.20,15.77,15.16,19.20,20.25,21.43,24.97,25.54,33.10,17.58,14.03,16.77,10.62,11.91,9.78,13.47
OTP.MPC,Loadzone,LMP,15.78,14.15,13.31,12.59,12.82,13.38,14.37,16.89,18.75,19.34,19.99,23.42,20.84,22.35,21.47,22.29,35.93,27.38,24.28,20.94,21.72,20.44,19.65,19.26
OTP.MPC,Loadzone,LMP,14.97,14.31,14.17,14.07,14.55,16.04,17.43,18.76,19.66,20.08,20.25,20.48,20.42,20.00,19.72,19.61,19.51,20.32,24.88,19.52,18.98,18.21,16.87,16.25
OTP.MPC,Loadzone,LMP,15.10,13.92,13.20,12.39,12.85,15.34,17.78,21.02,45.99,20.19,20.38,20.59,32.52,25.21,20.07,12.27,19.89,-1.13,11.09,21.80,20.52,18.90,18.27,17.59
OTP.MPC,Loadzone,LMP,24.19,23.48,25.37,24.76,24.64,23.80,24.34,25.14,25.48,28.10,25.48,25.65,25.38,24.82,24.31,24.01,24.49,26.14,61.62,27.33,26.31,25.27,24.00,22.44
OTP.MPC,Loadzone,LMP,14.88,10.69,10.04,11.64,12.68,14.74,16.57,18.41,19.56,19.85,20.23,21.26,22.47,21.52,22.34,19.97,19.48,19.82,20.39,41.33,18.97,16.48,19.22,18.74
OTP.MPC,Loadzone,LMP,16.51,16.30,15.21,14.44,15.00,16.30,16.62,18.48,16.93,16.83,16.26,17.02,16.82,17.11,16.13,16.61,17.31,19.15,17.19,15.73,14.58,14.21,16.04,12.76
OTP.MPC,Loadzone,LMP,17.46,17.22,16.13,15.69,15.08,15.31,16.20,17.88,18.79,21.11,20.49,24.03,21.51,19.40,21.21,20.91,23.12,23.81,21.62,21.12,20.77,20.14,19.12,18.20
OTP.MPC,Loadzone,LMP,25.18,25.41,25.55,25.15,25.12,25.36,27.77,27.96,46.70,29.62,30.63,24.96,23.14,21.55,20.96,22.54,23.45,27.41,34.91,32.77,39.58,35.51,32.47,27.11
OTP.MPC,Loadzone,LMP,12.20,11.60,9.01,9.53,12.62,16.92,17.71,16.60,19.12,20.01,20.34,20.73,16.09,19.17,19.73,18.85,20.05,20.73,20.38,20.34,20.08,18.88,18.65,16.27
